Act,Handle,Year,Num
Provisional collection of Taxes Act,19720,2023,50
"Chief Election Commissioner And Other Election Commissioners (Appointment, Conditions of Service And Term of Office) Act",19721,2023,49
Repealing and Amending Act,19719,2023,37
Mediation Act,19637,2023,32
Maritime Anti-Piracy Act,19621,2023,3
Indian Antarctic Act,19581,2022,13
Criminal Procedure (Identification) Act,19029,2022,11
Surrogacy (Regulation) Act,17046,2021,47
Assisted Reproductive Technology (Regulation) Act,17031,2021,42
Dam Safety Act,17002,2021,41
Farm Laws Repeal Act,16976,2021,40
Tribunal Reforms Act,16901,2021,33
Commission For Air Quality Management National Capital Region and Adjoining Areas Act,16898,2021,29
Essential Defence Services Act,16899,2021,25
Inland Vessels Act,17048,2021,24
Marine Aids to Navigation Act,17202,2021,20
"National Institutes Of food Technology, Entrepreneurship And Management Act",16941,2021,19
National Bank For Financing Infrastructure And Development Act,16802,2021,17
National Commission For Allied And Health care Professions Act,16824,2021,14
Major Port Authorities Act,16956,2021,1
Code on Social Security,16823,2020,36
National Forensic Sciences University Act,15623,2020,32
Rashtriya Raksha University Act,15619,2020,31
Bilateral Netting Qualified Financial Contracts Act,15618,2020,30
Jammu and Kashmir Official Languages Act,15512,2020,23
Institute of Teaching and Research In Ayurveda Act,15647,2020,16
National Commission for Homoeopathy Act,15621,2020,15
National Commission for Indian System of Medicine Act,15622,2020,14
Central Sanskrit Universities Act,14004,2020,5
Direct Tax Vivadse Vishwas Act,13812,2020,3
International Financial Services Centers Authority Act,14009,2019,50
Recycling of Ships Act,15690,2019,49
National Capital Territories of Delhi (Recognition of Property Right of Residents in Unauthorised Colonies) Act,13080,2019,45
Dadra and Nagar Haveli And Daman and Diu (Merger of Union Territories) Act,13079,2019,44
"Prohibition of Electronic Cigarettes (Production, Manufacture, Import, Export Transport, Sale, Distribution, Storage and Advertisement) Act",13078,2019,42
Transgender Persons (Protection of Rights) Act,13091,2019,40
Consumer Protection Act,15256,2019,35
Jammu and Kashmir Reorganisation Act,12030,2019,34
Repealing and Amending Act,11956,2019,31
National Medical Commission Act,11820,2019,30
Code On Wages Act,15793,2019,29
Banning of Unregulated Deposit Schemes Act,11641,2019,21
Muslim Women (Protection of Rights on Marriage) Act,11564,2019,20
India International Arbitration Centre Act,11413,2019,17
Central Education Institutions (Reservation in Teacher's Cadre) Act,11008,2019,10
National Sports University Act,4037,2018,25
National Commission for Backward Classes (Repeal) Act,4036,2018,24
Fugitive Economic Offenders Act,4035,2018,17
Repealing and Amendment (Second) Act,2434,2018,4
Indian Institute of Petroleum and Energy Act,2433,2018,3
Repealing and Amendment Act,2432,2018,2
Indian Institute of Management Act,2248,2017,33
Integrated Goods and Services tax (Extension to Jammu and Kashmir) Act,2247,2017,27
Central Goods and Services Tax (Extension to Jammu and Kashmir) Act,2246,2017,26
Indian Institutes of Information Technology (Public-Private Partnership) Act,2245,2017,23
Admiralty (Jurisdiction and Settlement of Maritime Claims) Act,2256,2017,22
Footwear Design and Development Institute Act,2255,2017,20
Human Immunodeficiency Virus and acquired Immune Deficiency Syndrome (Prevention and Control) Act,2254,2017,16
Goods and Services (Compensation to States) Act,2253,2017,15
Union Territory Goods and Services Tax Act,2252,2017,14
Integrated Goods and Services Tax Act,2251,2017,13
Central Goods and Services Act,15689,2017,12
Mental Healthcare Act,2249,2017,10
Specified Bank Notes (Cessation of Liabilities) Act,2244,2017,2
Rights of Persons with Disabilities Act,2155,2016,49
Compensatory Afforestation Fund Act,2151,2016,38
Regional Centre for Biotechnology Act,2153,2016,36
Dr. Rajendra Prasad Central Agricultural University Act,2150,2016,32
Insolvency and Bankruptcy Code,2154,2016,31
Anti-Hijacking Act,2149,2016,30
Repealing and Amendment Act,12141,2016,23
"Aadhaar (Targeted Delivery of Financial and Other Subsidies, Benefits and Services) Act",2160,2016,18
National Waterways Act,2159,2016,17
Real Estate (Regulation and Development) Act,2158,2016,16
Bureau of Indian Standards Act,2157,2016,11
Commercial Courts Act,2156,2016,4
Juvenile Justice (Care and Protection of Children) Act,2148,2016,2
Black Money (Undisclosed Foreign Income and Assets) and Imposition of Tax Act,2147,2015,22
Repealing and Amending (Second) Act,12143,2015,19
Repealing and Amending Act,12142,2015,17
Coal Mines (Special Provisions) Act,2146,2015,11
National Judicial Appointments Commission Act,2142,2014,401
School of Planning and Architecture Act,2138,2014,37
Indian Institute of Information Technology Act,2135,2014,30
National Institute of Design Act,2132,2014,18
Rani Lakshmi Bai Central Agricultural University Act,2125,2014,10
Street Vendors (Protection of Livelihood and Regulation of Street Vending) Act,2124,2014,7
Andhra Pradesh Reorganisation Act,2123,2014,6
Lokpal and Lokayukt as Act,2122,2014,1
"Right to Fair Compensation and Transparency in Land Acquisition, Rehabilitation and Resettlement Act",2121,2013,30
Rajiv Gandhi National Aviation University Act,2120,2013,26
Prohibition of Employment as Manual Scavengers and their Rehabilitation Act,2119,2013,25
Pension Fund Regulatory and Development Authority Act,2117,2013,23
National Food Security Act,2113,2013,20
Companies Act,2114,2013,18
"Sexual Harassment of Women at Workplace (Prevention, Prohibition and Red ressal) Act",2104,2013,14
"National Institute of Mental Health and Neuro-Sciences, Bangalore Act",2103,2012,38
Rajiv Gandhi National Institute of Youth Development Act,2111,2012,35
Protection of Children from Sexual Offences Act,2079,2012,32
Academy of Scientific and Innovation Research Act,2110,2012,13
Factoring Regulation Act,2116,2012,12
National Capital Territory of Delhi Laws (Special Provision) Second Act,2115,2011,20
Orissa (Alteration of Name) Act,2108,2011,15
Coinage Act,2112,2011,11
National Capital Territory of Delhi Laws (Special Provision) Act,2099,2011,5
Foreign Contribution (Regulation) Act,2098,2010,42
Nalanda University Act,2109,2010,39
Civil Liability for Nuclear Damage Act,2084,2010,38
Land Port Authority of India Act,2105,2010,31
Clinical Establishment (Registration and Regulation) Act,2048,2010,23
National Green Tribunal Act,2025,2010,19
Tamil Nadu Legislative Council Act,2015,2010,16
Legal Metrology Act,2102,2010,1
National Capital Territory of Delhi Laws (Special Provisions) Second Act,2097,2009,40
Right of Children to Free and Compulsory Education Act,2086,2009,35
Prevention and Control of Infections and Contagious Diseases in Animals Act,2101,2009,27
Central Universities Act,2080,2009,25
National Capital Territory of Delhi Laws (Special Provisions) Act,2106,2009,24
National Jute Board Act,2092,2009,12
Science and Engineering Research Board Act,2050,2009,9
South Asian University Act,2095,2009,8
Collection of Statistics Act,2081,2009,7
Limited Liability Partnership Act,2023,2009,6
Gram Nyayalayas Act,2060,2009,4
National Investigation Agency Act,2054,2008,34
Unorganised Sector Workers Social Security Act,2100,2008,33
Airports Economic Regulatory Authority of India Act,2090,2008,27
Indian Maritime University Act,2093,2008,22
"Jawaharlal Institute of Post-Graduate Medical Education and Research, Pondicherry Act",2089,2008,19
Maintenance and Welfare of Parents and Senior Citizens Act,2033,2007,56
Armed Forces Tribunal Act,2077,2007,55
Rajiv Gandhi Institute of Petroleum Technology Act,2062,2007,54
Sashastra Seema Bal Act,2039,2007,53
Indira Gandhi National Tribal University Act,2016,2007,52
Payment and Settlement Systems Act,2082,2007,51
Tyre Corporation of India Limited (Disinvestment of Ownership) Act,2072,2007,50
National Capital Territory of Delhi Laws (Special Provisions) Act,2061,2007,43
Carriage by Road Act,2043,2007,41
Warehousing (Development and Regulation) Act,2020,2007,37
"National Institutes of Technology, Science Education and Research Act",2083,2007,29
National Rural Employment Guarantee (Extension to Jammu And Kashmir) Act,2088,2007,23
Sports Broadcasting Signals (Mandatory Sharing with Prasar Bharti) Act,2076,2007,11
Sikkim University Act,2049,2007,10
Tripura University Act,2094,2007,9
Rajiv Gandhi University Act,2087,2007,8
English and Foreign Languages University Act,2078,2007,7
Prohibition of Child Marriage Act,2055,2007,6
Central Educational Institutions (Reservation in Admission) Act,2091,2007,5
Scheduled Tribes and other Traditional Forest Dwellers (Recognition of Forest Rights) Act,2070,2007,2
Uttaranchal (Alteration of Name) Act,2047,2006,52
Assam Rifles Act,2037,2006,47
Pondicherry (Alteration of Name) Act,2075,2006,44
Cantonments Act,2066,2006,41
Government Securities Act,2059,2006,38
Actuaries Act,2069,2006,35
Food Safety and Standards Act,2027,2006,34
National Institute of Fashion Technology Act,2031,2006,28
"Micro, Small and Medium Enterprises Development Act",2013,2006,27
Delhi Laws (Special Provisions) Act,2073,2006,22
Petroleum and Natural Gas Regulatory Board Act,2012,2006,19
Commissions for Protection of Child Rights Act,2056,2006,4
Andhra Pradesh Legislative Council Act,1732,2006,1
Manipur University Act,2051,2005,54
Disaster Management Act,2045,2005,53
State Emblems of India (Prohibition of Improper Use) Act,2038,2005,50
National Tax Tribunal Act,2032,2005,49
Protection of Women from Domestic Violence Act,2021,2005,43
Mahatma Gandhi National Rural Employment Guarantee Act,2014,2005,42
Credit Information Companies (Regulation) Act,2057,2005,30
Private Security Agencies (Regulation) Act,2024,2005,29
Special Economic Zones Act,2042,2005,28
Bihar Value Added Tax Act,18937,2005,27
University of Allahabad Act,2019,2005,26
Coastal Aquaculture Authority Act,2068,2005,24
Right to Information Act,2065,2005,22
Weapons of Mass Destruction and Their Delivery Systems (Prohibition of Unlawful Activities) Act,2017,2005,21
Parel Investments and Trading Private Limited and Domestic Gas Private Limited (Taking over of Management) Repeal Act,18939,2005,14
National Commission for Minority Educational Institutions Act,1897,2005,2
Prevention of Terrorism (Repeal) Act,1672,2004,26
Sick Industrial Companies (Special Provisions) Repeal Act,1414,2004,1
Industrial Development Bank (Transfer of Undertaking and Repeal) Act,2026,2003,53
Repatriation of Prisoners Act,2011,2003,49
Central Vigilance Commission Act,2067,2003,45
Fiscal Responsibility and Budget Management Act,2064,2003,39
Electricity Act,2058,2003,36
"Cigarettes and other Tobacco Products (Prohibition of Advertisement and Regulation of Trade and Commerce, Production, Supply and Distribution) Act",2053,2003,34
Biological Diversity Act,2046,2003,18
Offshore Areas Mineral (Development and Regulation) Act,2040,2003,17
Prevention of Money Laundering Act,2036,2003,15
Control of National Highways (Land and Traffic) Act,2028,2003,13
Competition Act,2010,2003,12
Suppression of Unlawful Acts against Safety of Maritime Navigation and Fixed Platforms on Continental Shelf Act,2009,2002,69
Metro Railway (Operation and Maintenance) Act,2008,2002,60
Unit Trust of India (Transfer of Undertaking and Repeal) Act,1889,2002,58
Securitisation and Reconstruction of Financial Assets and Enforcement of Security Interest Act,2006,2002,54
Multi-State Co-operative Societies Act,1914,2002,39
Foreign Aircraft (Exemption from Taxes and Duties on Fuel and Lubricants) Act,2005,2002,36
Haj Committee Act,1912,2002,35
Delimitation Act,2004,2002,33
Protection of Plant Varieties and Farmer's Right Act,2001,2001,53
Energy Conservation Act,2003,2001,52
Advocates' Welfare Fund Act,2002,2001,45
Indian Council of World Affairs Act,1950,2001,29
Central Road and Infrastructure Fund Act,1931,2000,54
Immigration (Carriers' Liability) Act,1934,2000,52
Coal India (Regulation of Transfer and Validation) Act,1990,2000,45
Semi conductor Integrated Circuits Layout- Design Act,1998,2000,37
Chemical Weapons Convention Act,1916,2000,34
Bihar Reorganisation Act,2001,2000,30
Uttar Pradesh Reorganisation Act,2000,2000,29
Madhya Pradesh Reorganisation Act,1992,2000,28
Information Technology Act,1999,2000,21
Designs Act,1917,2000,16
Mizoram University Act,1982,2000,8
Geographical Indications of Goods (Registration and Protection) Act,1981,1999,48
Trade Marks Act,1993,1999,47
"National Trust for Welfare of Persons with Autism, Cerebral Palsy, Mental Retardation and Multiple Disabilities Act",1951,1999,44
Foreign Exchange Management Act,1988,1999,42
Insurance Regulatory and Development Authority Act,1893,1999,41
Central Industrial Security Force (Amendment and Validation) Act,19240,1999,40
Urban Land (Ceiling and Regulation) Repeal Act,18941,1999,15
Leaders of Chief Whips of Recognised Parties and Groups in Parliament (Facilities) Act,1995,1999,5
Lotteries (Regulation) Act,1994,1998,17
National Institute of Pharmaceutical Education and Research Act,1983,1998,13
Dock Workers (Regulation of Employment) (Inapplicability to Major Ports) Act,1939,1997,31
Vice-President's Pension Act,1936,1997,30
Telecom Regulatory Authority of India Act,1929,1997,24
Lalit kala Akademi (Taking Over of Management) Act,1894,1997,17
Industrial Reconstruction Bank (Transfer of Undertakings and Repeal) Act,16226,1997,7
Mahatma Gandhi Antarashtriya Hindi Vishwavidyalaya Act,1987,1997,3
Maulana Azad National Urdu University Act,1975,1997,2
Provisions of the Panchayats (Extension to the Scheduled Areas) Act,1973,1996,40
Building and Other Construction Workers' Welfare Cess Act,1948,1996,28
Building and Other Construction Workers (Regulation of Employment and Conditions of Service) Act,1989,1996,27
Arbitration and Conciliation Act,1978,1996,26
Depositories Act,1955,1996,22
Technology Development Board Act,1901,1995,44
Waqf Act,1984,1995,43
Textile Undertakings (Nationalisation) Act,1976,1995,39
Cable Television Networks (Regulation) Act,1928,1995,7
Babasaheb Bhimrao Ambedkar University Act,1961,1994,58
Pre-conception and Pre-natal Diagnostic Techniques (Prohibition of Sex Selection) Act,1937,1994,57
Airports Authority of India Act,1979,1994,55
Punjab Municipal Corporation Law (Extension to Chandigarh) Act,1926,1994,45
New Delhi Municipal Council Act,1986,1994,44
Manipur Municipalities Act,1972,1994,43
Transplantation of Human Organs and Tissues Act,1962,1994,42
Manipur Panchayati Raj Act,1899,1994,26
Protection of Human Rights Act,15709,1994,10
Kalakshetra Foundation Act,1969,1994,6
National Council for Teacher Education Act,1938,1993,73
Public Records Act,1921,1993,69
Oil and Natural Gas Commission (Transfer of Undertaking and Repeal) Act,1902,1993,65
National Commission for Safai Karamcharis Act,1945,1993,64
Recovery of Debts and Bankruptcy Act,1775,1993,51
Employment of Manual Scavengers and Construction of Dry Latrines (Prohibition) Act,1581,1993,46
Tezpur University Act,1968,1993,45
Central Laws (Extension to Arunachal Pradesh) Act,1956,1993,44
SAARC Convention (Suppression of Terrorism) Act,1940,1993,36
Acquisition of Certain Area at Ayodhya Act,1915,1993,33
Multimodal Transportation of Goods Act,1946,1993,28
Gold Bonds (Immunities and Exemptions) Act,1924,1993,25
Industrial Finance Corporation (Transfer of Undertaking and Repeal) Act,1390,1993,23
"Infant Milk Substitutes, Feeding Bottles and Infant Foods (Regulation of Production, Supply and Distribution) Act",1958,1992,41
Central Agricultural University Act,1898,1992,40
Indo-Tibetan Border Police Force Act,1935,1992,35
Rehabilitation Council of India Act,1977,1992,34
Special Court (Trial of Offences Relating to Transactions in Securities) Act,1966,1992,27
Foreign Trade (Development and Regulation) Act,1947,1992,22
National Commission for Minorities Act,1927,1992,19
Cess and Other Taxes on Minerals (Validation) Act,1910,1992,16
Securities and Exchange Board of India Act,1890,1992,15
Destructive Insects and Pests (Amendment and Validation) Act,19241,1992,12
Government of National Capital Territory of Delhi Act,1923,1992,1
Places of Worship (Special Provisions) Act,1922,1991,42
Remittances of Foreign Exchange and Investment in Foreign Exchange Bonds (Immunities and Exemptions) Act,1905,1991,41
Public Liability Insurance Act,1960,1991,6
Prasar Bharati (Broad casting Corporation of India) Act,1959,1990,25
Armed Forces (Jammu and Kashmir) Special Powers Act,1953,1990,21
National Commission for Women Act,1944,1990,20
Small Industries Development Bank of India Act,1943,1989,39
Nagaland University Act,1932,1989,35
Scheduled Castes and Scheduled Tribes (Prevention of Atrocities) Act,1920,1989,33
Railways Act,1908,1989,24
Assam University Act,1895,1989,23
National Highways Authority of India Act,1803,1988,68
Motor Vehicles Act,1798,1988,59
Jamia Millia Islamia Act,1793,1988,58
Auroville Foundation Act,1776,1988,54
Labour Laws (Simplification of Procedure for Furnishing Returns and Maintaining Registers by certain Establishments) Act,1687,1988,51
Prevention of Corruption Act,1558,1988,49
Prevention of Illicit Traffic in Narcotic Drugs and Psychotropic Substances Act,1887,1988,46
Prohibition of Benami Property Transactions Act,1840,1988,45
Bharat Petroleum Corporation Limited (Determination of Conditions of Service of Employees) Act,1836,1988,44
Religious Institutions (Prevention of Misuse) Act,1833,1988,41
Special Protection Group Act,1824,1988,34
Commission of Sati (Prevention) Act,1814,1988,3
Chandigarh (Delegation of Powers) Act,1393,1988,2
Railway Claims Tribunal Act,1771,1987,54
National Housing Bank Act,1881,1987,53
All India Council for Technical Education Act,1880,1987,52
Legal Services Authorities Act,1925,1987,39
National Dairy Development Board Act,1913,1987,37
Expenditure-tax Act,1892,1987,35
"Goa, Daman and Diu Reorganisation Act",1886,1987,18
"Goa, Daman and Diu Mining Concession (Abolition and Declaration as Mining Leases) Act",1884,1987,16
Jute Packaging Materials (Compulsory Use in Packing Commodities) Act,1882,1987,10
State of Arunachal Pradesh Act,1878,1986,69
Consumer Protection Act,1868,1986,68
Child and Adolescent Labour (Prohibition and Regulation) Act,1848,1986,61
Indecent Representation of Women (Prohibition) Act,1768,1986,60
Delhi Apartment Ownership Act,1805,1986,58
"Dock Workers (Safety, Health And Welfare) Act",1867,1986,54
National Security Guard Act,1853,1986,47
State of Mizoram Act,1869,1986,34
Swadeshi Cotton Mills Company Limited (Acquisition and Transfer of Undertakings) Act,1871,1986,30
Environment (Protection) Act,1876,1986,29
Coal Mines Labour Welfare Fund (Repeal) Act,1859,1986,27
Muslim Women (Protection of Rights on Divorce) Act,1873,1986,25
Spices Board Act,1872,1986,10
Agricultural and Processed Food Products Export Development Authority Act,1865,1986,2
Narcotic Drugs and Psychotropic Substances Act,1791,1985,612
Inland Waterways Authority of India Act,1856,1985,82
Judges (Protection) Act,1858,1985,59
Intelligence Organisations (Restriction on Rights) Act,1811,1985,58
Pondicherry University Act,1862,1985,53
Indira Gandhi National Open University Act,1850,1985,50
Handlooms (Reservation of Articles for Production) Act,1864,1985,22
Bhopal Gas Leak Disaster (Processing of Claims) Act,1855,1985,21
Administrative Tribunals Act,1832,1985,13
Calcutta Metro Railway (Operation And Maintenance) Temporary Provisions Act,1866,1985,10
National Capital Region Planning Board Act,1847,1985,2
Family Courts Act,1844,1984,66
Terrorist Affected Areas (Special Courts) Act,1831,1984,61
Hooghly Docking and Engineering Company Limited (Acquisition and Transfer Of Undertakings) Act,1845,1984,55
Indian Veterinary Council Act,1812,1984,52
Inchek Tyres Limited and National Rubber Manufacturers Limited (Nationalisation) Act,1822,1984,17
Asiatic Society Act,1789,1984,5
Prevention of Damage to Public Property Act,1770,1984,3
Illegal Migrants (Determination by Tribunals) Act,1766,1983,391
Public Financial Institutions (Obligation as to Fidelity and Secrecy) Act,1821,1983,48
Armed Forces (Punjab and Chandigarh) Special Powers Act,1843,1983,34
Chandigarh Disturbed Areas Act,1823,1983,33
Punjab Disturbed Areas Act,1800,1983,32
Emigration Act,1779,1983,31
African Development Bank Act,1839,1983,13
Suppression of Unlawful Acts Against Safety of Civil Aviation Act,1795,1982,66
State Bank of Sikkim (Acquisition of Shares) and Miscellaneous Provisions Act,1773,1982,62
"Governors (Emoluments, Allowances and Privileges) Act",1838,1982,43
Chit Funds Act,1797,1982,40
Chaparmukh Silghat Railway Line and the Kata khal Lala bazaar Railway Line (Nationalisation) Act,1784,1982,36
Sugar Development Fund Act,1780,1982,4
African Development Fund Act,1828,1982,1
National Bank for Agriculture and Rural Development Act,1670,1981,61
Cine-Workers and Cinema Theatre Workers (Regulation of Employment) Act,1516,1981,50
Anti-Apartheid (United Nations Convention) Act,1827,1981,48
Maritime Zones of India (Regulation of Fishing by Foreign Vessels) Act,1817,1981,42
Cine-Workers Welfare Fund Act,1809,1981,33
Dalmia Dadri Cement Limited (Acquisition and Transfer of Undertakings) Act,2477,1981,31
British India Corporation Limited (Acquisition of Shares) Act,1790,1981,29
Export-Import Bank of India Act,1782,1981,28
"High Court at Bombay (Extension of Jurisdiction to Goa, Daman and Diu) Act",1783,1981,26
Air (Prevention and Control of Pollution) Act,1389,1981,14
Hind Cycles Limited and Sen-Raleigh Limited (Nationalisation) Act,1769,1980,70
Van (Sanrakshan Evam Samvardhan) Adhiniyam,1760,1980,69
Bird and Company Limited (Acquisition and Transfer of Undertakings and Other Properties) Act,19235,1980,67
National Security Act,1758,1980,65
Jute Companies (Nationalisation) Act,1756,1980,62
Company Secretaries Act,1754,1980,56
Hotel-Receipts Tax Act,1834,1980,54
"Sree Chitra Tirunal Institute for Medical Sciences and Technology, Trivandrum Act",1825,1980,52
Brahmaputra Board Act,1810,1980,46
National Company Limited (Acquisition and Transfer of Undertakings) Act,1801,1980,42
Essential Services Maintenance (Assam) Act,18944,1980,41
Banking Companies (Acquisition and Transfer of Undertakings) Act,1792,1980,40
Prevention of Black marketing and Maintenance of Supplies of Essential Commodities Act,1781,1980,7
Haryana and Uttar Pradesh (Alteration of Boundaries) Act,1751,1979,31
Inter-State Migrant Workmen Regulation of Employment and Condition of Service) Act,1750,1979,30
Union Duties of Excise (Distribution) Act,1749,1979,24
Coconut Development Board Act,1745,1979,5
Prize Chits and Money Circulation Scheme (Banning) Act,1628,1978,43
Britannia Engineering Company Limited (Mokameh Unit) and the Arthur Butler and Company (Muzaffarpore) Limited (Acquisition And Transfer of Undertakings) Act,1469,1978,41
Press Council Act,1744,1978,37
Delhi Police Act,1742,1978,34
Metro Railways (Construction of Works) Act,1737,1978,33
Coast Guard Act,1734,1978,30
Public Sector Iron and Steel Companies (Restructuring) and Miscellaneous Provisions Act,1707,1978,16
Interest Act,1724,1978,14
High Denomination Bank Notes (Demonetisation) Act,1380,1978,11
Lady Hardinge Medical College and Hospital (Acquisition and Miscellaneous Provisions) Act,1623,1977,34
Salary and Allowances of Leaders of Opposition in Parliament Act,1622,1977,33
Parliamentary Proceedings (Protection of Publication) Act,2442,1977,15
Scheduled Castes and Scheduled Tribes Orders (Amendment) Act,1489,1976,108
"Territorial Waters, Continental Shelf, Exclusive Economic Zone and Other Maritime Zones Act",1484,1976,80
Disturbed Areas (Special Courts) Act,1482,1976,77
Life Insurance Corporation (Modification of Settlement) Act,1433,1976,72
Betwa River Board Act,1479,1976,63
Departmentalisation of Union Accounts (Transfer of Personnel) Act,1483,1976,59
High Court at Patna (Establishment of a Permanent Bench at Ranchi) Act,1468,1976,57
Levy Sugar Price Equalisation Fund Act,1495,1976,31
Equal Remuneration Act,1494,1976,25
Regional Rural Banks Act,1492,1976,21
Bonded Labour System (Abolition) Act,1491,1976,19
Smugglers and Foreign Exchange Manipulators (Forfeiture of Property) Act,1490,1976,13
Sales Promotion Employees (Conditions of Service) Act,1473,1976,11
Election Laws (Extension to Sikkim) Act,1405,1976,10
Customs Tariff Act,8774,1975,51
Delhi Sales Tax Act,1637,1975,43
Rampur Raza Library Act,1735,1975,22
Tokyo Convention Act,1743,1975,20
Tobacco Board Act,1739,1975,4
Sick Textile Undertakings (Nationalisation) Act,1607,1974,57
East-Punjab Urban Rent Restriction (Extension to Chandigarh) Act,1610,1974,54
Conservation of Foreign Exchange and Prevention of Smuggling Activities Act,1618,1974,52
Oil Industry (Development) Act,1617,1974,47
Interest- tax Act,1616,1974,45
University of Hyderabad Act,1615,1974,39
Economic Offences (Inapplicability of Limitation) Act,1613,1974,12
Water (Prevention and Control of Pollution) Act,1612,1974,6
Code of Criminal Procedure,16225,1974,2
Delhi Urban Art Commission Act,1601,1974,1
Authoritative Texts (Central Laws) Act,1388,1973,50
North-Eastern Hill University Act,1478,1973,24
Delhi School Education Act,1456,1973,18
Diplomatic and Consular Officers (Oaths and Fees) (Extension to Jammu and Kashmir) Act,1465,1973,2
Richardson and Cruddas Limited (Acquisition and Transfer of Undertaking) Act,1738,1972,78
Carriage by Air Act,1658,1972,69
Former Secretary of State Service Officers (Conditions of Service) Act,1728,1972,59
General Insurance Business (Nationalisation) Act,1710,1972,57
Wild Life (Protection) Act,1726,1972,53
Antiquities and Art Treasures Act,1693,1972,52
Diplomatic Relations (Vienna Convention) Act,1721,1972,43
Payment of Gratuity Act,1703,1972,39
Delhi Lands (Restriction on Transfer) Act,1723,1972,30
National Service Act,1629,1972,28
Taxation Laws (Extension to Jammu and Kashmir) Act,19247,1972,25
Architects Act,1690,1972,20
Departmental Inquiries (Enforcement of Attendance of Witnesses and Production of Documents) Act,1718,1972,18
Marine Products Export Development Authority Act,1665,1972,13
North-Eastern Council Act,1580,1971,84
Delhi Sikh Gurdwaras Act,1598,1971,82
North-Eastern Area (Reorganisation) Act,1534,1971,81
Manipur (Hill Areas) District Council Act,1600,1971,76
Contempt of Courts Act,1514,1971,70
Prevention of Insults to National Honour Act,1578,1971,69
Naval and Aircraft Prize Act,1606,1971,59
"Comptroller and Auditor General's (Duties, Powers and Conditions of Service) Act",1569,1971,56
Public Premises (Eviction of Unauthorised Occupants) Act,1609,1971,40
Medical Termination of Pregnancy Act,1593,1971,34
State of Himachal Pradesh Act,1464,1970,53
Patents Act,1392,1970,39
Contract Labour (Regulation and Abolition) Act,1467,1970,37
Supreme Court (Enlargement of Criminal Appellate Jurisdiction) Act,1449,1970,28
Haryana and Punjab Agricultural Universities Act,1420,1970,16
Banking Companies (Acquisition and Transfer of Undertakings) Act,1373,1970,5
Assam Reorganisation (Meghalaya) Act,1716,1969,55
Oaths Act,1643,1969,44
Khuda Bakhsh Oriental Public Library Act,1731,1969,43
Bihar Land Reforms Laws (Regulating Mines and Minerals) Validation Act,19239,1969,42
Foreign Marriage Act,1720,1969,33
Union Territories (Separation of Judicial and Executive Functions) Act,1706,1969,19
Registration of Births and Deaths Act,1682,1969,18
President (Discharge of Functions) Act,1654,1969,16
Legislative Assembly of Nagaland (Change in Representation) Act,1577,1968,61
Judges (Inquiry) Act,1539,1968,51
Central Industrial Security Force Act,1599,1968,50
Border Security Force Act,1561,1968,47
Insecticides Act,1551,1968,46
Andhra Pradesh and Mysore (Transfer of Territory) Act,1603,1968,36
Enemy Property Act,1582,1968,34
Civil Defence Act,1524,1968,27
Pondicherry (Extension of Laws) Act,1592,1968,26
Central Laws (Extension to Jammu and Kashmir) Act,1555,1968,25
Bihar and Uttar Pradesh (Alteration of Boundaries) Act,1501,1968,24
Jammu and Kashmir Representation of the People (Supplementary) Act,2460,1968,3
Unlawful Activities Prevention Act,1470,1967,37
Passports Act,1372,1967,15
Land Acquisition (Amendment and Validation) Act,19244,1967,13
Seeds Act,1712,1966,54
Jawaharlal Nehru University Act,1701,1966,53
"Post-Graduate Institute of Medical Education and Research, Chandigarh Act",1684,1966,51
Police Forces (Restriction of Rights) Act,1704,1966,33
Beedi and Cigar Workers (Conditions of Employment) Act,1675,1966,32
Punjab Reorganisation Act,1645,1966,31
Railway Property (Unlawful Possession) Act,1688,1966,29
Delhi High Court Act,1700,1966,26
Asian Development Bank Act,1656,1966,18
Seamen's Provident Fund Act,1633,1966,4
Union Territories (Direct Election to the House of the People) Act,1571,1965,49
Cardamom Act,1540,1965,42
Railways (Employment of Members of the Armed Forces) Act,1589,1965,40
"Goa, Daman and Diu (Extension of the Code of Civil Procedure and the Arbitration Act) Act",1575,1965,30
Payment of Bonus Act,1548,1965,21
Warehousing Corporations (Supplementary) Act,1525,1965,20
Food Corporations Act,1415,1964,37
Legal Tender (Inscribed Notes) Act,1382,1964,28
Dakshina Bharat Hindi Prachar Sabha Act,1447,1964,14
Taxation Laws (Continuation and Validation of Recovery Proceedings) Act,1427,1964,11
Companies (Profits) Surtax Act,1370,1964,7
Central Boards of Revenue Act,1500,1963,54
Specific Relief Act,1583,1963,47
Administrators-General Act,1567,1963,45
Textiles Committee Act,1550,1963,41
Limitation Act,1565,1963,36
Export (Quality Control and Inspection) Act,1591,1963,22
Government of Union Territories Act,1546,1963,20
Official Languages Act,1526,1963,19
Marine Insurance Act,1520,1963,11
Warehousing Corporations Act,1371,1962,58
Delhi Motor Vehicles Taxation Act,1454,1962,57
State Associated Banks (Miscellaneous Provisions) Act,1443,1962,56
Manipur (Sales of Motor Spirit and Lubricants) Taxation Act,1426,1962,55
Customs Act,2475,1962,52
Petroleum and Minerals Pipelines (Acquisition of Right of User in Land) Act,1424,1962,50
Pondicherry (Administration) Act,1471,1962,49
Foreigners Law (Application and Amendment) Act,19242,1962,42
Extradition Act,1440,1962,34
Atomic Energy Act,1413,1962,33
State of Nagaland Act,1384,1962,27
National Co-operative Development Corporation Act,1462,1962,26
Hindi Sahitya Sammelan Act,1416,1962,13
"Goa, Daman and Diu (Administration) Act",1369,1962,1
Institutes of Technology Act,1705,1961,59
Maternity Benefit Act,1681,1961,53
Apprentices Act,1668,1961,52
Deposit Insurance and Credit Guarantee Corporation Act,1655,1961,47
Voluntary Surrender of Salaries (Exemption from Taxation) Act,1660,1961,46
Income-tax Act,2435,1961,43
Dadra and Nagar Haveli Act,1640,1961,35
Union Territories (Stamp and Court-fees Laws) Act,19248,1961,33
Delhi (Urban Areas) Tenants' Relief Act,1695,1961,30
Dowry Prohibition Act,1679,1961,28
Motor Transport Workers Act,1662,1961,27
Salar Jung Museum Act,1646,1961,26
Advocates Act,1631,1961,25
Acquired Territories (Merger) Act,1498,1960,64
Preference Shares (Regulation of Dividend) Act,1572,1960,63
Prevention of Cruelty to Animals Act,1547,1960,59
Tripura Land Revenue and Land Reforms Act,1564,1960,43
Delhi Primary Education Act,1543,1960,39
Manipur Land Revenue and Land Reforms Act,1531,1960,33
"International Development Association (Status, Immunities and Privileges) Act",1511,1960,32
Delhi Land Holdings (Ceiling) Act,1568,1960,24
Bombay Reorganisation Act,1535,1960,11
Orphanages and Other Charitable Homes (Supervision and Control) Act,13052,1960,10
Geneva Conventions Act,1559,1960,6
Indian Statistical Institute Act,1425,1959,57
Andhra Pradesh and Madras (Alteration of Boundaries) Act,1409,1959,56
Arms Act,1398,1959,54
Rajasthan and Madhya Pradesh (Transfer of Territories) Act,1374,1959,47
Employment Exchanges (Compulsory Notification of Vacancies) Act,1418,1959,31
Cost Accountants Act,1385,1959,23
Parliament (Prevention of Disqualification) Act,1368,1959,10
Sugar Export Promotion Act,19280,1958,301
Delhi Rent Control Act,19223,1958,59
Orissa Weights and Measures (Delhi Repeal) Act,1505,1958,57
Merchant Shipping Act,1562,1958,44
"International Finance Corporation (Status, Immunities and Privileges) Act",1556,1958,42
Supreme Court Judges (Salaries and Conditions of Service) Act,1545,1958,41
Working Journalists (Fixation of Rates of Wages) Act,1536,1958,29
Armed Forces (Special Powers) Act,1527,1958,28
Ancient Monuments and Archaeological Sites and Remains Act,13053,1958,24
Probation of Offenders Act,1507,1958,20
Gift-Tax Act,2483,1958,18
Mines and Minerals (Development and Regulation) Act,1421,1957,67
Delhi Municipal Corporation Act,1410,1957,66
Navy Act,1400,1957,62
Delhi Development Act,1391,1957,61
Cantonments (Extension of Rent Control Laws) Act,1379,1957,46
Public Employment (Requirement as to Residence) Act,1429,1957,44
Naga Hills-Tuensang Area Act,1417,1957,42
Inter-State Corporation Act,1404,1957,38
Wealth-tax Act,3123,1957,27
Railway Protection Force Act,1450,1957,23
Coal Bearing Areas (Acquisition and Development) Act,13051,1957,20
Copyright Act,1367,1957,14
Women's and Children's Institutions (Licensing) Act,19281,1956,105
Immoral Traffic (Prevention) Act,19243,1956,104
Slum Areas (Improvement and Clearance) Act,1709,1956,96
Faridabad Development Corporation Act,1729,1956,90
Manipur (Village Authorities in Hill Areas) Act,1666,1956,80
Hindu Adoptions and Maintenance Act,1638,1956,78
Central Sales Tax Act,2484,1956,74
Jammu and Kashmir (Extension of Laws) Act,1722,1956,62
Khadi and Village Industries Commission Act,1683,1956,61
Supreme Court (Number of Judges) Act,1676,1956,55
Lok Sahayak Sena Act,1669,1956,53
River Boards Act,1659,1956,49
National Highways Act,1651,1956,48
Securities Contracts (Regulation) Act,1644,1956,42
Bihar and West Bengal (Transfer of Territories) Act,1636,1956,40
States Reorganisation Act,1680,1956,37
Inter-State River Water Disputes Act,1664,1956,33
Hindu Minority and Guardianship Act,1649,1956,32
Life Insurance Corporation Act,1632,1956,31
Hindu Succession Act,1713,1956,30
All-India Institute of Medical Sciences Act,1699,1956,25
University Grants Commission Act,1627,1956,3
Citizenship Act,1522,1955,57
Manipur (Courts) Act,1512,1955,56
Working Journalists and other Newspaper Employees (Conditions of Service) and Miscellaneous Provisions Act,1504,1955,45
Prize Competitions Act,1515,1955,42
Durgah Khawaja Saheb Act,1506,1955,36
Prisoners (Attendance in Courts) Act,1570,1955,32
Hindu Marriage Act,1560,1955,25
State Bank of India Act,1553,1955,23
Protection of Civil Rights Act,1544,1955,22
Essential Commodities Act,1579,1955,10
Special Marriage Act,1387,1954,43
Himachal Pradesh and Bilaspur (New State) Act,1377,1954,32
Shillong (Rifle Range and Umlong) Cantonments Assimilation of Laws Act,1445,1954,31
"Salary, Allowances and Pension of Members of Parliament Act",1438,1954,30
High Court Judges (Salaries and Conditions of Service) Act,1431,1954,28
Delivery of Books and Newspapers (Public Libraries) Act,1422,1954,27
Drugs and Magic Remedies (Objectionable Advertisements) Act,1412,1954,21
Lushai Hills District (Change of Name) Act,1395,1954,18
Coir Industry Act,2179,1953,45
Calcutta High Court (Extension of Jurisdiction) Act,2178,1953,41
Andhra State Act,2176,1953,30
Tea Act,2175,1953,29
Salaries and Allowances of Officers of Parliament Act,2174,1953,20
Scheduled Areas (Assimilation of Laws) Act,2173,1953,16
Forward Contracts (Regulation)Act,2163,1952,74
State Armed Police Forces (Extension of Laws) Act,19246,1952,63
Reserve and Auxiliary Air Forces Act,2161,1952,62
Commissions of Inquiry Act,1508,1952,60
Salaries and Allowances of Ministers Act,2129,1952,58
Notaries Act,2172,1952,53
Delhi and Ajmer Rent Control Act,2171,1952,38
Cinematograph Act,2170,1952,37
Mines Act,2168,1952,35
Presidential and Vice-Presidential Elections Act,2167,1952,31
Requisitioning and Acquisition of Immovable Property Act,2166,1952,30
Inflammable Substances Act,2165,1952,20
Employees' Provident Funds and Miscellaneous Provisions Act,2152,1952,19
Plantations Labour Act,2085,1951,69
Industries (Development and Regulation) Act,2118,1951,65
State Financial Corporations Act,2018,1951,63
All-India Services Act,1363,1951,61
Companies (Donations to National Funds) Act,2416,1951,54
Assam (Alteration of Boundaries) Act,1452,1951,47
Representation of the People Act,2096,1951,43
Rajghat Samadhi Act,2162,1951,41
Marking of Heavy Packages Act,2063,1951,39
Scheduled Areas (Assimilation of Laws) Act,2141,1951,37
Finance Commission (Miscellaneous Provisions) Act,1941,1951,33
President's Emolument and Pension Act,2107,1951,30
Visva-Bharati Act,1652,1951,29
Jallianwala Bagh National Memorial Act,2052,1951,25
Khaddar (Protection of Name) Act,1386,1950,78
Road Transport Corporations Act,1541,1950,64
Contingency Fund of India Act,1696,1950,49
Army Act,1930,1950,46
Air Force Act,1819,1950,45
Representation of the People Act,1663,1950,43
Ajmer Tenancy and Land Records Act,1796,1950,42
Army and Air Force (Disposal of Private Property) Act,2029,1950,40
Union Territories (Laws) Act,1874,1950,30
Transfer of Prisoners Act,1574,1950,29
Special Criminal Courts (Jurisdiction) Act,2041,1950,18
Emblems and Names (Prevention of Improper Use) Act,1896,1950,12
Immigrants (Expulsion from Assam) Act,1674,1950,10
High Courts (Seals) Act,1475,1950,7
Central Reserve Police Force Act,1608,1949,66
Police Act,1430,1949,64
Industrial Disputes (Banking and Insurance Companies) Act,1919,1949,54
Chartered Accountants Act,1552,1949,38
West Godavari District (Assimilation of Laws on Federal Subjects) Act,1974,1949,20
Banking Regulation Act,1885,1949,10
Seaward Artillery Practice Act,2437,1949,8
Scheduled Securities (Hyderabad) Act,18940,1949,7
Mangrol and Manavadar (Administration of Property) Act,1963,1949,2
Delhi and Ajmer-Merwara Land Development Act,1630,1948,66
Factories Act,1530,1948,63
Reserve Bank (Transfer of Public Ownership) Act,1408,1948,62
Central Silk Board Act,1474,1948,61
Territorial Army Act,1497,1948,56
Oil Fields (Regulation and Development) Act,1397,1948,53
Coal Mines Provident Fund and Miscellaneous Provisions Act,1841,1948,46
Diplomatic and Consular Officers (Oaths and Fees) Act,1763,1948,41
Census Act,1519,1948,37
Employees' State Insurance Act,1441,1948,34
Calcutta Port (Pilotage) Act,1852,1948,33
National Cadet Corps Act,1719,1948,31
Dentists Act,1463,1948,16
Damodar Valley Corporation Act,1807,1948,14
Rehabilitation Finance Administration Act,1863,1948,12
Minimum Wages Act,1730,1948,11
Dock Workers (Regulation of Employment) Act,1708,1948,9
Pharmacy Act,1364,1948,8
Indian Nursing Council Act,1785,1947,48
United Nations (Privileges and Immunities) Act,1697,1947,46
United Nations (Security Council) Act,1641,1947,43
Rubber Act,1563,1947,24
Armed Forces (Emergency Duties) Act,1419,1947,15
Industrial Disputes Act,15191,1947,14
Foreigners Act,2259,1946,31
Delhi Special Police Establishment Act,2258,1946,25
Industrial Employment (Standing Orders) Act,2257,1946,20
International Monetary Fund and Bank Act,2406,1945,47
Public Debt Act,2405,1944,18
Central Excise Act,19238,1944,1
Reciprocity Act,2413,1943,9
Coffee Act,2412,1942,7
Drugs and Cosmetics Act,2409,1940,23
Commercial Documents Evidence Act,2408,1939,30
Registration of Foreigners Act,2407,1939,16
Dissolution of Muslim Marriages Act,2404,1939,8
Cutchi Memons Act,2306,1938,10
"Manoeuvres, Field Firing and Artillery Practice Act",2305,1938,5
Insurance Act,2304,1938,4
Muslim Personal Law (Shariat) Application Act,2303,1937,26
Arya Marriage Validation Act,2302,1937,19
Agricultural Produce (Grading and Marking) Act,2403,1937,1
Payment of Wages Act,19310,1936,4
Parsi Marriage and Divorce Act,2476,1936,3
Petroleum Act,2401,1934,30
Aircraft Act,2400,1934,22
Reserve Bank of India Act,2398,1934,2
Murshidabad Estate Administration Act,2397,1933,23
Indian Wireless Telegraphy Act,2396,1933,17
Indian Partnership Act,2394,1932,9
Hindu Gains of Learning Act,2391,1930,30
Sale of Goods Act,2390,1930,3
Indian Forest Act,2388,1927,16
Trade Unions Act,2386,1926,16
Indian Succession Act,2385,1925,39
"Madras, Bengal and Bombay Children (Supplementary) Act",19233,1925,35
Indian Carriage of Goods by Sea Act,2384,1925,26
Sikh Gurdwaras (Supplementary)Act,16825,1925,24
Provident Funds Act,2383,1925,19
Indian Soldiers (Litigation) Act,2381,1925,4
Mussalman Wakf Act,19245,1923,42
Official Secrets Act,2379,1923,19
Employees' Compensation Act,19236,1923,8
Indian Naval Armament Act,2377,1923,7
Boilers Act,2375,1923,5
Delhi University Act,2374,1922,8
Maintenance Orders Enforcement Act,2373,1921,18
Aligarh Muslim University Act,2372,1920,40
Passport (Entry into India) Act,2370,1920,34
Indian Red Cross Society Act,2368,1920,15
Charitable and Religious Trusts Act,2367,1920,14
Provincial Insolvency Act,19723,1920,5
Calcutta High Court (Jurisdictional Limits) Act,2364,1919,15
Poisons Act,2363,1919,12
Usurious Loans Act,2362,1918,10
Post Office Cash Certificates Act,2361,1917,18
King of Oudh's Estate Validation Act,19249,1917,12
Destruction of Records Act,2359,1917,5
Hindu Disposition of Property Act,2357,1916,15
Banaras Hindu University Act,2356,1915,16
Sir Jamsetjee Jejeebhoy Baronetcy Act,2355,1915,10
Local Authorities Loans Act,19147,1914,9
Destructive Insects and Pests Act,2354,1914,2
White Phosphorus Matches Prohibition Act,2353,1913,5
Official Trustees Act,2352,1913,2
Co-operative Societies Act,19226,1912,2
Indian Museum Act,2350,1910,10
Anand Marriage Act,2347,1909,7
Presidency Towns Insolvency Act,19722,1909,3
Registration Act,2190,1908,16
Indian Ports Act,2344,1908,15
Central Provinces Financial Commissioner's Act,19222,1908,13
Explosive Substances Act,2342,1908,6
Code of Civil Procedure,2191,1908,5
Indian Railway Board Act,2340,1905,4
Ancient Monuments Preservation Act,2339,1904,7
Victoria Memorial Act,2336,1903,10
Works of Defence Act,2337,1903,7
Indian Tolls (Army and Air Force) Act,2335,1901,2
Prisoners Act,2334,1900,3
Central Provinces Court of Wards Act,19232,1899,24
Government Buildings Act,2332,1899,4
Indian Stamp Act,15510,1899,2
Central Provinces Tenancy Act,19250,1898,11
Live-stock Importation Act,2330,1898,9
Indian Post Office Act,2329,1898,6
General Clauses Act,2328,1897,10
Epidemic Diseases Act,2326,1897,3
Prisons Act,2325,1894,9
Sir Dinshaw Manockjee Petit Act,19225,1893,6
Partition Act,5657,1893,4
Madras City Civil Court Act,2323,1892,7
Bengal Military Police Act,19221,1892,5
Bankers' Books Evidence Act,2322,1891,18
Moorshedabad Act,2320,1891,15
Easements (Extending Act 5 of 1882),2319,1891,8
North-western Provinces and Oudh Act,19224,1890,20
Guardians and Wards Act,2318,1890,8
Charitable Endowments Act,2317,1890,6
Revenue Recovery Act,2315,1890,1
King of Oudh's Estate Act,19279,1888,14
City of Bombay Municipal (Supplementary) Act,19546,1888,12
Indian Reserve Forces Act,2314,1888,4
King of Oudh's Estate Act,19228,1887,19
Punjab Land-revenue Act,19229,1887,17
Punjab Tenancy Act,19230,1887,16
"Bengal, Agra and Assam Civil Courts Act",2313,1887,12
Provincial Small Cause Courts Act,2312,1887,9
Suits Valuation Act,2311,1887,7
Indian Tramways Act,2310,1886,11
Deo Estate Act,19547,1886,9
"Births, Deaths and Marriages Registration Act",2309,1886,6
Indian Telegraph Act,2307,1885,13
Agriculturists' Loans Act,19140,1884,12
Explosives Act,2301,1884,4
Punjab District Boards Act,2393,1883,20
Land Improvement Loans Act,2382,1883,19
Presidency Small Cause Courts Act,2371,1882,15
Powers-of-Attorney Act,2360,1882,7
Indian Easements Act,2349,1882,5
Transfer of Property Act,2338,1882,4
Indian Trusts Act,2327,1882,2
Negotiable Instruments Act,2189,1881,26
Central Provinces Land-revenue Act,19215,1881,18
Kazis Act,2290,1880,12
Religious Societies Act,2289,1880,1
Legal Practitioners Act,2288,1879,18
Dekkhan Agriculturists' Relief Act,19144,1879,17
Northern India Ferries Act,2287,1878,17
Indian Treasure-trove Act,2286,1878,6
Broach and Kaira Incumbered Estates Act,19231,1877,14
Oudh Laws Act,19217,1876,18
Bombay Revenue Jurisdiction Act,7753,1876,10
Chutia Nagpur Encumbered Estates Act,19142,1876,6
Majority Act,2284,1875,9
Laws Local Extent Act,19146,1874,15
Married Women's Property Act,2283,1874,3
Northern India Canal and Drainage Act,2282,1873,8
Government Savings Promotion Act,2281,1873,5
Madras Civil Courts Act,2299,1873,3
Indian Christian Marriage Act,2186,1872,15
Indian Contract Act,2187,1872,9
Punjab Laws Act,19137,1872,4
Indian Evidence Act,2188,1872,1
Pensions Act,2295,1871,23
Dehra Dun Act,19098,1871,21
Cattle-trespass Act,2294,1871,1
Oudh Taluqdars' Relief Act,19139,1870,24
Court-fees Act,2293,1870,7
Bombay Civil Courts Act,2291,1869,14
Divorce Act,2280,1869,4
Oudh Estates Act,19149,1869,1
Press and Registration of Books Act,2272,1867,25
Sarais Act,19045,1867,22
Public Gambling Act,2269,1867,3
Indian Tolls Act,2267,1864,15
Waste-Lands (Claims) Act,19035,1863,23
Religious Endowments Act,2266,1863,20
Partition of Revenue-paying Estates Act,19033,1863,19
Stage-Carriages Act,2265,1861,16
Police Act,2264,1861,5
Indian Penal Code,2263,1860,45
Societies Registration Act,2262,1860,21
Madras District Police Act,19099,1859,24
Bengal Land-revenue Sales Act,19227,1859,11
Bengal Ghatwali Lands Act,19042,1859,5
Tobacco Duty (Town of Bombay) Act,19100,1857,4
Calcutta Land-revenue Act,19028,1856,18
Indian Bills of Lading Act,2278,1856,9
Bengal Embankment Act,19037,1855,32
Fatal Accidents Act,2276,1855,13
Legal Representatives' Suits Act,2275,1855,12
"Police, Agra Act",19038,1854,16
Bengal Bonded Warehouse Association Act,19036,1854,5
Shore Nuisances (Bombay and Kolaba) Act,19040,1853,11
Rent Recovery Act,19039,1853,6
Extending certain acts to Straits Settlement,19543,1852,14
Bombay Rent-free Estates Act,19027,1852,11
Madras City Land Revenue Act,19032,1851,12
Indian Tolls Act,2274,1851,8
Improvements in Towns,19031,1850,26
Forfeited Deposits Act,19030,1850,25
Madras Board of Revenue,19544,1849,10
Bengal Land holders' Attendance Act,18942,1848,20
"Boundary-marks, Bombay",18943,1846,3
"Revenue Commissioners, Bombay",18946,1842,17
Revenue Bombay,18945,1842,13
Madras Rent and Revenue Sales Act,19545,1839,7
Coasting Vessels Act,2260,1838,19
Bengal Bonded Warehouse Association Act,19097,1838,5
Bengal Indigo Contracts Act,18935,1836,10